{"cameraMode":{"drawMode":0,"name":"Shaded","section":"Shading Mode"},"sceneLighting":true,"audioPlay":false,"sceneViewState":{"showFog":true,"showMaterialUpdate":false,"showSkybox":true,"showFlares":true,"showImageEffects":true,"showParticleSystems":true},"in2DMode":false,"pivot":{"x":-47.01704788208008,"y":3.0034637451171877,"z":18.85297393798828},"rotation":{"x":-0.7387831211090088,"y":0.006305974442511797,"z":-0.0069135213270783428,"w":-0.6738782525062561},"size":139.23226928710938,"orthographic":false}