{"cameraMode":{"drawMode":0,"name":"Shaded","section":"Shading Mode"},"sceneLighting":false,"audioPlay":false,"sceneViewState":{"showFog":true,"showMaterialUpdate":false,"showSkybox":false,"showFlares":true,"showImageEffects":true,"showParticleSystems":true},"in2DMode":false,"pivot":{"x":10.844904899597168,"y":-1.5965815782546998,"z":3.4429831504821779},"rotation":{"x":-0.0875137448310852,"y":-0.5979577302932739,"z":0.06590649485588074,"w":-0.794005274772644},"size":14.244256973266602,"orthographic":false}